# 데이터베이스(DATABASE)



## DATABASE

데이터 베이스라는 것은 정보만을 저장하는 공간을 `database` 라고 말합니다.

쉽게 생각해서 `directory` 라고 생각하시는게 편해요.



## DBMS

**D**ata**B**ase **M**anagement **S**ystem

데이터베이스 라는 말은 정보만 저장하는 공간을 DATABASE 라고 말한다면,

DBMS는 특정 기능을 넣어서 데이터를 저장하고 혹은 조회하며,

데이터를 조작할수 있는 기능을 넣는 시스템 혹은 프로그램을 `DBMS` 라고 합니다.



## SQL

**S**tructured **Q**uery **L**anguage (Sequel)

`DBMS` 에서 구현된 기능을 실행시키기 위해서 특정한 언어로 실행하여 

데이터를 조작 을 사용합니다.



데이터를 보관할 공간을 만들거나, 데이터를 저장하거나, 데이터를 삭제하거나

데이터를 수정 및 조회하는 행위를 진행시 SQL 을 활용합니다.



또 이런 데이터를 어떻게 저장하냐 따라 SQL을 쓰냐, 안쓰냐 를 결정하는데.

흔히 이런걸 보고 `NO SQL` 과 `SQL` 이라고 부르죠,



데이터를 저장하는 형태가 관계형이냐 **RDBMS**  아니냐로 

NO SQL 이냐 SQL 이냐 라고 부릅니다.



## RDBMS

**R**elational **D**ata**B**ase **M**anagement **S**ystem 약자로

앞글자를 따서 RDBMS 라고 읽습니다.



관계형 DBMS의 대표적인 플랫폼(프로그램)

- Oracle
- Mysql
- MariaDB
- PostgreSQL
- Mssql

등 이있습니다. 



비관계형 DBMS의 대표적 플랫폼(프로그램)

- Mongodb



가 있습니다.



우리는 그중에 Mysql 을 사용할겁니다.





## SQL 개요



### 분류

- #### 데이터 정의어 (DDL)

- #### 데이터 조작어 (DML)

- #### 데이터 제어어 (DCL)



#### **데이터 정의어(DDL)**

테이블이나 관계의 구조를 생성하는데 사용합니다.

- CREATE

- SHOW

- DROP 

- ALTER

  



#### 데이터 조작어(DML)

테이블에 데이터를 `검색`, `삽입`, `수정`, `삭제` 등을 하는데 사용합니다 (CRUD)

우리가 흔히 사용할 내용은 *데이터 조작어 (DML)* 이 되겠죠 ?

- SELECT
- INSERT
- UPDATE
- DELETE



#### 데이터 제어어(DCL)

데이터의 사용 권한을 관리하는데 사용함

- GRANT
- REVOKE 

등 문법이있습니다.





### 데이터 정의어 (DDL)

- CREATE DATABASE [이름]
- CREATE SCHME [이름]



```sql
CREATE DATABASE `ingoo` DEFAULT CHARACTER SET utf8mb4 COLLATE utf8mb4_general_ci;
```



| 항목                   | 사용 이유                                      |
| ---------------------- | ---------------------------------------------- |
| utf8mb4                | 한글을 포함한 전세계 문자 + 이모티콘 사용 가능 |
| utf8mb4 _ general _ ci | 가장 정확하지는 않지만 정렬 속도 빠름          |





SQL 문법에서 말하는 `데이터베이스`는  정보를 저장하는 `directory`라고  생각하시면 편합니다. 



- SHOW



```sql
SHOW DATABASE
```



말그대로 보여달라는 뜻이며, DATABASE 내용을 보여줍니다.

쉽게 설명하자면 데이터를 저장하는 폴더목록을 보여준다는 뜻이죠,



- DROP

```sql
DROP DATABASE ingoo
```



데이터베이스를 삭제한다는 뜻입니다



```sql
CREATE TABLE people (
  person_id INT,
  person_name VARCHAR(10),
  age TINYINT,
  birthday DATE
);
```





```sql
-- 테이블명 변경
ALTER TABLE people RENAME TO  friends,
-- 컬럼 자료형 변경
CHANGE COLUMN person_id person_id TINYINT,
-- 컬럼명 변경
CHANGE COLUMN person_name person_nickname VARCHAR(10), 
-- 컬럼 삭제
DROP COLUMN birthday,
-- 컬럼 추가
ADD COLUMN is_married TINYINT AFTER age;
```





- USE

```sql
# USE [데이터베이스명]
USE ingoo
# Database changed 떴으면 성공
```



단순히 해당 데이터베이스를 선택한다는 뜻입니다. 

쉬운 예제로 해당 디렉토리를 열었다 라는 뜻.



> 엑셀과 비교하면서 확인하기. 



### 데이터 조작어 (DML)



데이터베이스 선택이 끝나셨다면. 해당 데이터베이스에 테이블(파일) 이 존재 하는지 확인 할 수 있습니다.

```sql
show tables;
# Empty set (0.01 sec) 떴으면 성공
```



아무것도 존재하지 않는것을 확인하셨다면.



테이블을 생성해보도록 하겠습니다. 

> 테이블은 마치 엑셀로 치면 하나의 Sheet 와 같습니다.



#### CREATE TABLE

```sql
create table user(
  user_id varchar(50),
  user_pw varchar(50),
  user_name varchar(50),
  gender varchar(50)
);

# varchar -> String 이라고 보시면 됩니다, ( ) 안에 들어가는 숫자는 byte 단위로 String이 들어가는 byte 크기를 지정한겁니다.

# Query OK, 0 rows affected (0.06 sec) 
```



> 엑셀 철줄에 user_id, user_pw, user_name 을 적어줍시다.



이후 잘 생성 되었는지 확인해봅시다.

```sql
show tables;

+-----------------+
| Tables_in_ingoo |
+-----------------+
| user            |
+-----------------+
1 row in set (0.01 sec)
```



#### DESC 

테이블의 필드 들이 잘 설정 되었는지 확인해 보도록 하겠습니다.

```sql
DESC user;

+-----------+-------------+------+-----+---------+-------+
| Field     | Type        | Null | Key | Default | Extra |
+-----------+-------------+------+-----+---------+-------+
| user_id   | varchar(50) | YES  |     | NULL    |       |
| user_pw   | varchar(50) | YES  |     | NULL    |       |
| user_name | varchar(50) | YES  |     | NULL    |       |
| gender    | varchar(50) | YES  |     | NULL    |       |
+-----------+-------------+------+-----+---------+-------+
4 rows in set (0.00 sec)
```



- Field : 해당 필드의 이름을 나타냅니다.
- Type : 해당필드에 들어갈 데이터 타입이 무엇인지 알려줍니다.
- Null : 빈값이 들어갈수있는지 없는지 여부가 들어가있습니다 (YES | NO)
- Key :  나중에 배울 키값에 대해 들어가있습니다.
- Default : 필드 내용에 기본값으로 들어갈 값이 적혀있습니다.
- Extra     :  추가적인 정보가 적혀있습니다.

 

##### Field Type



Type 에는 주로 크게 4가지 형태로 있습니다 `숫자형` , `문자형`,  `날짜형` , `이진데이터타입` 

앞에 3가지는 어떤것인지 주로 알거같다.. 그래도 `Javascript` 보다 데이터타입이 조금 까다로우니 가볍게 살펴봄.



###### 숫자형

이중에서 `INT` 만 사용할 예정.

| 타입          | 정의                                                         | 범위                                                         | UNSIGNED 사용가능 여부 |
| :------------ | :----------------------------------------------------------- | :----------------------------------------------------------- | :--------------------- |
| TINYINT(n)    | 정수형 데이터 타입                                           | - 1 Byte(2^8) - 128 ~ + 127 또는 0 ~ 255 수 표현 가능 - 1Byte(2^8) - 128 ~ + 127 또는 0 ~ 255 수 표현 가능 | O                      |
| SMALLINT(n)   | 정수형 데이터 타입                                           | - 2 Byte(2^16) - 32,768 ~ 32,167 또는 0 ~ 65536수 표현 가능  | O                      |
| MEDIUMINT(n)  | 정수형 데이터 타입                                           | - 3 Byte - 8,388,608 ~ 8,388,607 또는 0 ~ 16,777,215 수 표현 가능 | O                      |
| INT(n)        | 정수형 데이터 타입                                           | - 4 Byte - 2,147,483,648 ~ 2,147,483,647 또는 0 4,294,967,295 수 표현 가능 | O                      |
| BIGINT(n)     | 정수형 데이터 타입(LONG)                                     | - 8 byte - 2^64 - 1 표현 가능(무한 수 표현 가능이라고도 함)  | O                      |
| DECIMAL(m, d) | - 고정 소수형 데이터 타입고정(길이+1 byte) - 화폐 데이터와 같이 데이터의 정확도를 요하는 경우에 주로 사용 - M의 최대값은 65, D는 소수 자릿수이며 0이면 소수점 가지지 않음 | - 소수점을 사용한 형태 - Default: m ⇒ 10                     | X                      |
| FLOAT(n)      | 부동 소수형 데이터 타입                                      | - 4 byte - 부동 소수점을 사용한 형태                         | X                      |
| DOUBLE(n)     | 부동 소수형 데이터 타입                                      | - 8 byte - DOUBLE을 문자열로 저장                            | X                      |



###### 문자형

이중에서 `CHAR` , `VARCHAR`, `TEXT` 만 사용할 예정.

| 타입          | 정의                                                         | 길이                     |
| :------------ | :----------------------------------------------------------- | :----------------------- |
| CHAR(n)       | - 고정 길이 데이터 타입 - 지정된 길이보다 짧은 데이터 입력 시 나머지 길이는 공백으로 채워짐 - 검색시, PAD_CHAR_TO_FULL_LENGTH 모드를 설정하지 않으면 공백은 제거됨 | 0 ~ 255 (byte)           |
| VACHAR(n)     | - 가변 길이 데이터 타입 - 지정된 길이보다 짧은 데이터 입력시 공백으로 채우지 않음 -저장시 1-byte 혹은 2-byte 길이 Prefix 데이터를 저장. 이 Prefix 데이터는 값의 바이트 수에 대한 정보를 담는다.(https://dev.mysql.com/doc/refman/8.0/en/char.html) | 0 ~ 65,535 (byte)        |
| TINYTEXT(n)   | - 문자열 데이터 타입(최대 255 byte) - TINYBLOB와 같은 길이값을 저장 가능(단 차이점은 저장 될때 nonbinary string으로 저장) https://dev.mysql.com/doc/refman/8.0/en/blob.html | 0 ~ 255 (byte)           |
| TEXT(n)       | - 문자열 데이터 타입(최대 65,535 byte) - BLOB와 같은 길이값을 저장 가능(단 차이점은 저장 될때 nonbinary string으로 저장) | 0 ~ 65,535 (byte)        |
| MEDIUMTEXT(n) | - 문자열 데이터 타입(최대 16,777,215 byte) - MEDIRMBLOB와 같은 길이값을 저장 가능(단 차이점은 저장 될때 nonbinary string으로 저장) | 0 ~ 16,777,215 (byte)    |
| LONGTEXT(n)   | - 문자열 데이터 타입(최대 4,294,967,295 byte) - LONGBLOB와 같은 길이값을 저장 가능(단 차이점은 저장 될때 nonbinary string으로 저장) | 0 ~ 4,294,967,295 (byte) |



###### 날짜형

| 타입      | 정의                                                         | 길이   | 형식                                      | 길이                                                    |
| :-------- | :----------------------------------------------------------- | :----- | :---------------------------------------- | :------------------------------------------------------ |
| DATE      | 날짜(년도, 월, 일) 형태의 기간 표현 데이터                   | 3 byte | 0000-00-00 (YYYY-MM-DD)                   | 1000-01-01 ~ 9999-12-31                                 |
| TIME      | 시간(시, 분, 초) 형태의 기간 표현 데이터                     | 3 byte | 00:00:00                                  | .                                                       |
| DATETIME  | 날짜와 시간 형태의 기간 표현 데이터                          | 8 byte | 0000-00-00 00:00:00 (YYYY-MM-DD hh:mm:ss) | 1000-01-01 00:00:00.000000 ~ 9999-12-31 23:59:59.999999 |
| TIMESTAMP | 날짜와 시간 형태의 기간 표현 데이터 타입 시스템 변경 시 자동으로 그 날짜와 시간이 저장 | 4 byte | Integer                                   | .                                                       |
| YEAR      | 년도 표현 데이터 타입                                        | 1 byte | 0000                                      | .                                                       |



###### 이진데이터 타입

| 타입                | 정의                            | 길이                    |
| :------------------ | :------------------------------ | :---------------------- |
| BINARY(n) & BYTE(n) | CHAR 형태의 이진 데이터 타입    | 최대 255 byte           |
| VARBINARY(n)        | VARCHAR 형태의 이진 데이터 타입 | 최대 65,535 byte        |
| TINYBLOB(n)         | 이진 데이터 타입                | 최대 255 byte           |
| BLOB(n)             | 이진 데이터 타입                | 최대 65,535 byte        |
| MEDIUMBLOB(n)       | 이진 데이터 타입                | 최대 16,777,215 byte    |
| LONGBLOB(n)         | 이진 데이터 타입                | 최대 4,294,967,295 byte |



#### DROP TABLE

이번엔 데이터 타입을 옳바르게 설정해서 사용해보도록 하겠습니다. 

그러기 위해서 일단 이미 만들어놓은 테이블을 삭제하고 다시 생성해보도록 함.



```sql
DROP TABLE user;
Query OK, 0 rows affected (0.10 sec)

CREATE TABLE user(
  idx int(11) AUTO_INCREMENT PRIMARY KEY,
  user_id varchar(50) NOT NULL UNIQUE, 
  user_pw varchar(50) NOT NULL,
  user_name varchar(50) NOT NULL,
  gender char(4) DEFAULT '남자', 
  register_date DATETIME DEFAULT now()
);

mysql> desc user;
+---------------+-------------+------+-----+-------------------+-------------------+
| Field         | Type        | Null | Key | Default           | Extra             |
+---------------+-------------+------+-----+-------------------+-------------------+
| idx           | int         | NO   | PRI | NULL              | auto_increment    |
| user_id       | varchar(50) | NO   | UNI | NULL              |                   |
| user_pw       | varchar(50) | NO   |     | NULL              |                   |
| user_name     | varchar(50) | NO   |     | NULL              |                   |
| gender        | char(4)     | YES  |     | 남자              |                   |
| register_date | datetime    | YES  |     | CURRENT_TIMESTAMP | DEFAULT_GENERATED |
+---------------+-------------+------+-----+-------------------+-------------------+
6 rows in set (0.02 sec)

```



제약 조건

| 제약               | 설명                               |
| ------------------ | ---------------------------------- |
| **AUTO_INCREMENT** | 새 행 생성시마다 자동으로 1씩 증가 |
| **PRIMARY KEY**    | 중복 입력 불가, NULL(빈 값) 불가   |
| **UNIQUE**         | 중복 입력 불가                     |
| **NOT NULL**       | NULL(빈 값) 입력 불가              |
| **UNSIGNED**       | (숫자일시) 양수만 가능             |
| **DEFAULT**        | 값 입력이 없을 시 기본값           |



#### 💡 **PRIMARY KEY** (기본키)

- 테이블마다 하나만 가능
- 기본적으로 인덱스 생성 (기본키 행 기준으로 빠른 검색 가능)
- 보통 **AUTO_INCREMENT**와 함께 사용
- ⭐ 각 행을 고유하게 식별 가능 - 테이블마다 하나씩 둘 것



#### INSERT INTO

````sql
INSERT INTO user(user_id, user_name, user_pw, gender) values('web7722','곽인구','1234', '남자');

# Query OK, 1 row affected (0.02 sec)
````



#### SELECT FROM

````sql
SELECT user_id, user_name, user_pw, gender FROM user;

+---------+-----------+---------+--------+
| user_id | user_name | user_pw | gender |
+---------+-----------+---------+--------+
| web7722 | 곽인구      | 1234    | 남자   |
+---------+-----------+---------+--------+
1 row in set (0.00 sec)
````



#### INSERT INTO

```sql
## user_id 없이 넣을경우.
INSERT INTO user(user_name, user_pw, gender) values('곽인구','1234', '남자');
# ERROR 1364 (HY000): Field 'user_id' doesn't have a default value


## gender 없이 넣을경우.
INSERT INTO user(user_id, user_name, user_pw) values('web7722','곽인구','1234');
# Query OK, 1 row affected (0.01 sec)

## 내용 확인
SELECT user_id, user_name, user_pw, gender FROM user;

+---------+-----------+---------+--------+
| user_id | user_name | user_pw | gender |
+---------+-----------+---------+--------+
| web7722 | 곽인구    | 1234    | 남자      |
| web7722 | 곽인구    | 1234    | 남자      |
+---------+-----------+---------+--------+

## gender 필드는 default 가 "남자" 이기 때문에. 값을 넣어주지않으면, default 값으로 채워짐.

SELECT * FROM user;

+---------+---------+-----------+--------+---------------------+
| user_id | user_pw | user_name | gender | register_date       |
+---------+---------+-----------+--------+---------------------+
| web7722 | 1234    | 곽인구    | 남자   | 2022-12-21 18:29:57 |
| web7722 | 1234    | 곽인구    | 남자   | 2022-12-21 18:32:29 |
+---------+---------+-----------+--------+---------------------+

# 필드 내용에  * 을 넣으면 모든 항목을 조회함. (귀찮을때 많이 사용함..)

# 하지만.. user_id 아이디가 같을수가  있나요 ? 이런건 고유하지 않죠 식별자로써 역활을 할수가없습니다. 이럴때 테이블을 생성할때 제약을 만들수가있습니다.

# 다시  DROP 테이블 이후에 생성해보도록 하죠.
DROP TABLE user;

Query OK, 0 rows affected (0.08 sec)
```









